id_patient,age,sexe,traitement,résultat,groupe,sequence_adn
1,45,M,A,amélioration,Nord,AGTTGAGATGCC
2,34,F,B,stable,Sud,CTATAGCGATCGTAGCGTCGTAGCTTCGGGGCATGC
3,65,F,A,dégradation,Est,ACTCTCTCTATATTTATATATCGTCAGTGCTGGACTTGCATCGAGTTGC
4,29,M,B,amélioration,Ouest,CGTTAGCGTCAGATGGACTTATAGTCGTAATTCATCATAGAAAAAATTTTT
5,51,F,A,stable,Nord,AGTATGCCGCCTCATACTATACTGATACTATGGTA
6,40,M,B,amélioration,Sud,TAGAAAAAGTGGATGTAA
7,38,F,A,stable,Est,GGACGCTGATGCTCGTCAGTAGTGCATGTACTACGTATAATATGCTACGTAGT
8,72,M,B,dégradation,Ouest,ATGTATAGATATCGATCTAGTCTACTCAGTACTCGTATACGT
9,55,F,A,amélioration,Nord,CGAAAGATATATAGAGC
10,60,M,B,stable,Sud,AGTTGGCAATGATGA
